file,symmetry,clutter
example_3.jpg,0.807193824237452,36
example_2.jpg,0.86458720108006,4
example_1.jpg,0.8157011575974299,49
